Metric,Score
Accuracy,88.66189989785495
Precision,97.18614718614718
Recall,82.08409506398537
F1-Score,88.9990089197225
