Metric,Score
Accuracy,88.04902962206333
Precision,94.05737704918032
Recall,83.91224862888483
F1-Score,88.69565217391305
