Metric,Score
Accuracy,88.1511746680286
Precision,95.94882729211088
Recall,82.26691042047533
F1-Score,88.58267716535433
