Metric,Score
Accuracy,88.1511746680286
Precision,95.17819706498952
Recall,82.9981718464351
F1-Score,88.671875
