Metric,Score
Accuracy,88.35546475995915
Precision,95.19832985386222
Recall,83.36380255941499
F1-Score,88.88888888888889
