Metric,Score
Accuracy,87.94688457609806
Precision,93.68635437881873
Recall,84.09506398537478
F1-Score,88.6319845857418
