Metric,Score
Accuracy,88.55975485188968
Precision,95.9830866807611
Recall,82.9981718464351
F1-Score,89.01960784313725
